Mouse ID,Timepoint,Tumor Volume (mm3),Metastatic Sites
x903,0,45.0,0
h124,0,45.0,0
p849,0,45.0,0
l726,0,45.0,0
a960,0,45.0,0
x144,0,45.0,0
u540,0,45.0,0
l980,0,45.0,0
i436,0,45.0,0
z671,0,45.0,0
f178,0,45.0,0
a375,0,45.0,0
n451,0,45.0,0
c965,0,45.0,0
d332,0,45.0,0
q500,0,45.0,0
y531,0,45.0,0
f129,0,45.0,0
l451,0,45.0,0
e446,0,45.0,0
n939,0,45.0,0
f195,0,45.0,0
o973,0,45.0,0
w680,0,45.0,0
w976,0,45.0,0
p368,0,45.0,0
i491,0,45.0,0
z435,0,45.0,0
p370,0,45.0,0
r677,0,45.0,0
v596,0,45.0,0
q759,0,45.0,0
q882,0,45.0,0
f829,0,45.0,0
d770,0,45.0,0
q477,0,45.0,0
r357,0,45.0,0
i491,0,45.0,0
r765,0,45.0,0
o896,0,45.0,0
h749,0,45.0,0
c593,0,45.0,0
i617,0,45.0,0
t548,0,45.0,0
o573,0,45.0,0
g564,0,45.0,0
d269,0,45.0,0
i426,0,45.0,0
c160,0,45.0,0
l127,0,45.0,0
s654,0,45.0,0
w658,0,45.0,0
i583,0,45.0,0
l263,0,45.0,0
d824,0,45.0,0
n115,0,45.0,0
v490,0,45.0,0
o231,0,45.0,0
s882,0,45.0,0
g727,0,45.0,0
i131,0,45.0,0
i162,0,45.0,0
n204,0,45.0,0
s231,0,45.0,0
z881,0,45.0,0
b131,0,45.0,0
a906,0,45.0,0
e316,0,45.0,0
k944,0,45.0,0
d736,0,45.0,0
l868,0,45.0,0
x877,0,45.0,0
x736,0,45.0,0
e733,0,45.0,0
s473,0,45.0,0
u367,0,45.0,0
v585,0,45.0,0
e925,0,45.0,0
z487,0,45.0,0
t383,0,45.0,0
h491,0,45.0,0
w286,0,45.0,0
o891,0,45.0,0
p734,0,45.0,0
m853,0,45.0,0
y735,0,45.0,0
f971,0,45.0,0
l497,0,45.0,0
d141,0,45.0,0
u732,0,45.0,0
e882,0,45.0,0
n100,0,45.0,0
m272,0,45.0,0
x856,0,45.0,0
e742,0,45.0,0
t982,0,45.0,0
t883,0,45.0,0
r846,0,45.0,0
v747,0,45.0,0
g319,0,45.0,0
n872,0,45.0,0
a885,0,45.0,0
h162,0,45.0,0
w863,0,45.0,0
o252,0,45.0,0
i799,0,45.0,0
e460,0,45.0,0
a391,0,45.0,0
l795,0,45.0,0
i783,0,45.0,0
m285,0,45.0,0
m904,0,45.0,0
a817,0,45.0,0
i908,0,45.0,0
g787,0,45.0,0
s886,0,45.0,0
t419,0,45.0,0
z991,0,45.0,0
y351,0,45.0,0
i842,0,45.0,0
j128,0,45.0,0
y441,0,45.0,0
y633,0,45.0,0
d329,0,45.0,0
k405,0,45.0,0
r465,0,45.0,0
b853,0,45.0,0
e807,0,45.0,0
b461,0,45.0,0
x493,0,45.0,0
j396,0,45.0,0
m359,0,45.0,0
m894,0,45.0,0
v871,0,45.0,0
d587,0,45.0,0
m137,0,45.0,0
j993,0,45.0,0
x811,0,45.0,0
q487,0,45.0,0
i610,0,45.0,0
c118,0,45.0,0
o713,0,45.0,0
d581,0,45.0,0
g727,0,45.0,0
o836,0,45.0,0
b998,0,45.0,0
b386,0,45.0,0
g832,0,45.0,0
e358,0,45.0,0
z167,0,45.0,0
v921,0,45.0,0
p863,0,45.0,0
p760,0,45.0,0
y369,0,45.0,0
w833,0,45.0,0
r619,0,45.0,0
a898,0,45.0,0
q588,0,45.0,0
r111,0,45.0,0
g284,0,45.0,0
y977,0,45.0,0
e885,0,45.0,0
k308,0,45.0,0
d203,0,45.0,0
q290,0,45.0,0
d497,0,45.0,0
a538,0,45.0,0
m672,0,45.0,0
u683,0,45.0,0
h920,0,45.0,0
c760,0,45.0,0
y860,0,45.0,0
w860,0,45.0,0
k465,0,45.0,0
e141,0,45.0,0
f807,0,45.0,0
p407,0,45.0,0
r534,0,45.0,0
y595,0,45.0,0
a831,0,45.0,0
q362,0,45.0,0
u964,0,45.0,0
t208,0,45.0,0
n440,0,45.0,0
q131,0,45.0,0
m494,0,45.0,0
z701,0,45.0,0
w901,0,45.0,0
c577,0,45.0,0
e681,0,45.0,0
x669,0,45.0,0
k294,0,45.0,0
p237,0,45.0,0
q747,0,45.0,0
g305,0,45.0,0
o388,0,45.0,0
a333,0,45.0,0
t171,0,45.0,0
u867,0,45.0,0
x672,0,45.0,0
p642,0,45.0,0
q881,0,45.0,0
o251,0,45.0,0
v933,0,45.0,0
w581,0,45.0,0
n806,0,45.0,0
g185,0,45.0,0
i365,0,45.0,0
e874,0,45.0,0
j640,0,45.0,0
f936,0,45.0,0
z905,0,45.0,0
w900,0,45.0,0
d791,0,45.0,0
a626,0,45.0,0
v547,0,45.0,0
n234,0,45.0,0
n712,0,45.0,0
e903,0,45.0,0
q300,0,45.0,0
g494,0,45.0,0
y675,0,45.0,0
q154,0,45.0,0
q278,0,45.0,0
x276,0,45.0,0
y587,0,45.0,0
j402,0,45.0,0
k443,0,45.0,0
u452,0,45.0,0
h413,0,45.0,0
r431,0,45.0,0
o147,0,45.0,0
n196,0,45.0,0
q335,0,45.0,0
i419,0,45.0,0
g863,0,45.0,0
g619,0,45.0,0
w929,0,45.0,0
a189,0,45.0,0
l986,0,45.0,0
l183,0,45.0,0
e905,0,45.0,0
p298,0,45.0,0
y214,0,45.0,0
u861,0,45.0,0
n125,0,45.0,0
n989,0,45.0,0
u281,0,45.0,0
j793,0,45.0,0
w724,0,45.0,0
c160,5,48.178080781342324,0
a831,5,45.89740329103538,0
t208,5,47.06136072355446,1
k443,5,40.314467427254,0
o573,5,45.88869493532989,0
z435,5,48.61640763350336,1
s654,5,49.24042097418932,1
g564,5,48.06282572505371,0
l127,5,47.248620525104634,0
u964,5,45.717493994254774,0
t548,5,47.99461607197582,0
d269,5,48.70109497341497,1
i426,5,46.58748372547259,1
n712,5,46.45158783811306,0
q362,5,46.12699616738132,0
s473,5,49.45713714267394,0
i617,5,46.19978678074899,0
o251,5,45.84528893019545,0
l795,5,45.913830575321136,1
x856,5,47.75568680972091,1
p370,5,46.15008850587367,1
r677,5,45.70852495280335,0
z701,5,46.0672329389214,1
v596,5,46.15534789096837,0
n125,5,45.60486617549712,0
q882,5,46.113913130925354,1
w658,5,46.311074568689925,0
m494,5,47.07378052050701,0
q154,5,45.50023111219013,1
d770,5,47.32629929166677,1
r357,5,48.137573240422796,0
h749,5,47.31162286248313,1
j402,5,48.98715238857517,0
q131,5,46.202715822354456,1
e905,5,45.557841826890865,1
c593,5,47.723909892190576,1
a960,5,47.83426523362944,0
i419,5,43.69195987770204,0
i583,5,46.41493599756849,1
l263,5,46.91216356459332,0
d824,5,46.68412184534214,0
o891,5,48.634808355250605,0
p734,5,45.46253423862585,0
l183,5,45.658029898981304,0
m853,5,46.56065411948305,1
y735,5,45.71924296046195,1
f971,5,48.320905170616385,1
l497,5,45.64849417235543,0
p368,5,45.896117194151806,0
n989,5,45.46745084562544,0
e882,5,49.331607711063015,0
n100,5,46.28683465856601,0
m272,5,46.27120231293202,1
e742,5,46.087027738268056,0
t982,5,45.47363631199907,0
t883,5,45.56324383420448,0
r846,5,46.94974284818231,0
y214,5,45.664974418653784,1
v747,5,48.77839204361236,0
g319,5,45.758682976277086,1
u732,5,45.929736074411856,0
w680,5,45.5768374699005,0
q278,5,44.29178533677333,0
o973,5,47.402921393568654,1
w976,5,47.77182655835873,0
h124,5,48.70126897682121,0
p849,5,47.92525296120953,1
l726,5,46.48682968601562,0
y595,5,49.02237969525997,0
x144,5,47.16647653583812,0
u540,5,47.21019173178417,1
l980,5,46.96208002346843,0
z671,5,46.53332116183445,0
q335,5,45.58515014981317,1
i436,5,46.36418599262814,0
f178,5,47.40078740364068,1
a375,5,46.284263855227316,1
n451,5,45.94745633270462,0
u452,5,45.83419014245482,0
c965,5,49.30693364426709,0
d332,5,48.65911053940297,0
y531,5,49.432944601008465,1
l451,5,46.10862830303936,0
q500,5,46.352504754248876,1
e446,5,46.41912893112987,0
n939,5,48.132659662850294,0
f195,5,45.77885083706941,0
i491,5,46.45790497018367,1
f807,5,47.70283463760427,0
c760,5,45.769524698087544,0
j793,5,45.72955490894712,0
m137,5,47.6787596914888,1
m904,5,45.65094558499551,0
a817,5,48.91410233871921,1
i908,5,47.97501238844087,0
a189,5,38.854192117768605,0
s886,5,46.373774323563595,1
t419,5,45.570795375387604,0
z991,5,45.94632650743926,1
g787,5,47.16369218739829,0
y351,5,46.51393074829535,0
m285,5,48.28105803494288,0
y587,5,38.40349493590337,0
y441,5,45.97005167016201,0
j128,5,46.574949905547065,1
y633,5,46.23633401413269,1
d329,5,47.51072917473105,0
k405,5,46.59976040634633,1
r465,5,47.23668926075627,0
o147,5,48.58276722768834,0
b853,5,45.49565262569918,0
e807,5,46.949310990852,0
n196,5,45.501931448055856,0
i842,5,46.186660670947624,0
v871,5,49.20633585382902,1
y977,5,46.860024634072786,0
j993,5,45.983056566553614,0
x811,5,49.31427842735235,0
x903,5,45.72224014120695,0
q487,5,47.09699122126652,0
o713,5,45.955965436172846,0
d581,5,46.54642112838929,0
g727,5,48.82425388042442,0
o836,5,46.97636654454448,0
b998,5,48.909546997836436,0
g832,5,46.78710105968618,0
u281,5,40.90971657350862,0
b386,5,48.85434283166832,0
e358,5,47.01494110157108,0
z167,5,46.42820089469025,1
v921,5,45.68717803838422,0
p863,5,46.35311736690842,0
p760,5,48.90347282125777,1
y369,5,47.63434157969602,1
w833,5,47.772248051858966,1
r619,5,49.41370949728155,0
a898,5,45.916375316565656,1
q588,5,47.93408180138809,0
w929,5,45.73679081192147,0
g284,5,46.89586290285011,1
x493,5,47.45208830561005,1
j396,5,46.474973705690076,0
b461,5,48.82027042156488,0
m359,5,47.308562085994595,0
f936,5,47.53821693572824,0
z905,5,49.26032533976141,0
x276,5,45.70544931586141,0
w900,5,45.77485006072119,0
d791,5,48.86203217950877,1
a626,5,45.76265890514751,0
g619,5,39.25428800609748,0
x669,5,46.52750752702123,0
e681,5,46.527581674778226,1
c577,5,45.56944501843366,0
w901,5,49.462631273327375,0
q290,5,47.37166888140343,0
d497,5,49.20449520672292,1
a538,5,48.94602076145407,0
m672,5,46.31937609768982,0
u683,5,49.06677224549223,0
h920,5,46.78800650413284,1
u861,5,42.95463416623701,0
a885,5,46.744948500663085,0
y860,5,47.16920545080873,0
w860,5,46.19500849619387,1
k465,5,45.50101338476668,1
e141,5,47.744124085485176,0
j640,5,45.88603745949583,1
p407,5,46.41814186281675,1
i365,5,45.646604399055626,0
n806,5,47.2131145482981,1
m894,5,46.39443533461987,0
d587,5,46.211268256947605,0
e885,5,45.722116981876496,0
k308,5,45.89359998993315,1
l986,5,46.09340608323889,1
d203,5,47.17542452175587,0
k294,5,49.425502549069144,1
p237,5,46.89723965141012,0
g863,5,44.24013983148221,0
q747,5,45.747825176132245,0
g305,5,46.375137595236126,0
o388,5,46.69204296969821,0
a333,5,45.61814557089883,0
t171,5,46.94372476176608,0
u867,5,46.37666667113112,0
x672,5,45.61293811368571,0
p642,5,48.32569866421057,0
q881,5,49.333039004777916,1
v933,5,49.16464398229693,1
h413,5,45.45152152051456,0
v547,5,45.503191760449944,0
w581,5,48.35884970855432,0
g185,5,46.82983090972264,0
e874,5,47.28688336832522,1
n872,5,49.22515349131366,0
i783,5,45.9579864598995,1
z881,5,38.75540362190611,0
w286,5,45.95796702722606,0
h491,5,46.97628046305092,0
a391,5,43.388121683790985,0
q300,5,39.53650789711388,0
t383,5,42.013420375702005,0
z487,5,47.23054980736923,0
e925,5,38.606762953752856,1
n115,5,45.573834775799966,0
v585,5,45.6274996173674,0
v490,5,39.78595151870132,0
o231,5,41.36631867405844,0
s882,5,46.9807954815073,0
u367,5,45.844971938536446,0
g727,5,45.67703370270966,1
i131,5,45.45161510228355,0
i162,5,38.48296092875909,0
n204,5,38.289994907747115,0
p298,5,45.61092535456254,1
e733,5,45.87907543217456,0
s231,5,47.75379851601264,0
b131,5,45.65819954887591,0
a906,5,45.6568946892621,0
r431,5,45.752141883209326,0
x736,5,40.241566690865106,0
e316,5,41.710573788827595,0
k944,5,39.38013028139939,0
d736,5,45.80798412918736,0
l868,5,45.644254492917625,0
e903,5,46.56842203158804,0
i799,5,48.1442685190531,0
w863,5,49.239289267389346,1
x877,5,45.57485061239416,1
n234,5,45.576923821947055,0
h162,5,46.11084448227555,0
m137,10,49.38556401602325,1
q335,10,46.12119099565691,1
j402,10,51.991529946953264,0
f178,10,48.0631460234904,1
i131,10,43.038029022271715,0
x672,10,47.940463423622354,1
e358,10,48.60351226002336,1
w901,10,51.81562398139011,0
i436,10,50.036464258258114,0
u281,10,41.455330558285084,0
y587,10,37.37300960616472,0
a189,10,39.513559529772486,0
z671,10,49.50622419457968,1
q290,10,49.464961802609835,0
p642,10,50.36197141876991,0
z167,10,46.96160762821381,1
e925,10,37.34850475548186,2
d770,10,51.370148090645856,1
i842,10,48.167531644745466,0
n115,10,46.0426779636913,0
l980,10,49.80495943375628,0
q154,10,46.37860944244491,1
r677,10,48.2930648561105,0
v921,10,50.21009488245448,0
q881,10,51.42083217129618,1
r846,10,50.30950284070142,0
y214,10,46.45754062216053,2
v596,10,50.06923061975578,1
a375,10,47.589008364651235,1
n451,10,48.06035502803029,0
e446,10,50.738448265730185,0
o388,10,49.06007720833414,0
t883,10,46.18263016545344,0
g832,10,51.0276830385883,0
q500,10,47.16493138639926,1
l795,10,49.68627754610854,1
j128,10,50.98742895428831,1
l451,10,50.48968039397739,1
a817,10,52.21621371324366,1
a538,10,50.805496003010276,0
x856,10,49.96404553353066,1
a333,10,47.545166512028196,1
t171,10,49.014129709337105,0
y531,10,51.34190931158129,1
o251,10,49.57002958606911,0
g305,10,47.86783836761307,0
b386,10,50.993506672933115,1
y441,10,47.45577460950905,0
e733,10,42.514594883033766,1
u452,10,41.74413077879515,0
t383,10,42.552024500405295,0
c965,10,53.184510845606106,1
p370,10,46.818407816004054,2
d497,10,52.43706767947256,1
u867,10,49.120012769959764,0
g284,10,47.57636407708201,1
q300,10,40.27289378059646,0
u540,10,49.36519959427645,1
r357,10,49.55769148086069,1
a898,10,50.193410197916656,1
c577,10,46.92367458008296,0
x669,10,50.749779623653225,1
c593,10,49.196149981990395,1
w658,10,46.972130823800086,1
u367,10,40.32412099835793,0
i491,10,49.13727292472216,1
e874,10,48.15601218832653,1
g787,10,48.57825043602939,1
o573,10,47.04996931344727,0
y369,10,48.645733454252756,1
i365,10,47.88723332201096,1
v747,10,49.53161163597429,0
z991,10,48.72340398760954,1
z435,10,50.47728430504285,1
k443,10,41.06661677527087,0
j640,10,50.36402609402005,1
r619,10,52.25021935398789,0
d791,10,49.37223397616037,1
o231,10,41.97760350534697,0
l127,10,48.10629224176968,0
d269,10,51.39121430162239,1
w900,10,47.46696294138333,0
i426,10,50.04013417823973,1
w833,10,48.48063648299441,1
f936,10,49.30846462420226,0
a906,10,46.247196238384625,0
z905,10,50.22604966778073,0
c160,10,51.12876551014996,1
y351,10,49.1019894649445,0
m672,10,47.61857846865562,0
g185,10,48.683739737430216,1
w976,10,51.381692193832826,1
v933,10,50.39181449304225,1
e316,10,42.18811782592556,0
w929,10,46.46893428063889,0
x144,10,49.63102926528491,0
q588,10,48.896391074273325,0
v547,10,46.78518571831102,0
p863,10,47.92029373124015,0
h162,10,49.42755954658791,1
h749,10,49.22007191738823,1
a960,10,49.9049224936307,0
h413,10,46.173980067147916,0
s882,10,49.31644234999283,0
v585,10,46.160464938401944,0
s886,10,48.59393234705823,1
p849,10,49.08322016825835,1
v490,10,40.30471021725181,1
l726,10,50.676594389516715,0
w581,10,50.03469523355372,0
b131,10,46.147619358727034,0
e681,10,48.065718082056314,1
i617,10,47.70717072859149,0
g727,10,46.2073317510141,2
x736,10,40.835554245980674,0
h124,10,49.42027187537393,0
g619,10,40.00501686211113,0
i419,10,41.49338179789722,0
z487,10,49.56908732907737,0
t548,10,51.97592083246235,0
i783,10,49.02128519702859,2
t419,10,49.28512432867018,1
n234,10,46.14620158318264,0
y860,10,49.32930765449725,0
n100,10,47.026284882597345,0
p734,10,48.26286033553419,0
g319,10,46.52879694606209,2
n196,10,38.76273912740077,0
d329,10,50.28224768948936,1
u964,10,47.097697244770345,1
o147,10,50.48600574039214,0
u861,10,40.90056537875165,0
o891,10,49.36724880510571,1
d203,10,49.26691298442509,0
x493,10,48.629631822357446,2
c760,10,47.60427198642558,0
o713,10,48.481059526471924,0
y977,10,49.407206525808064,1
w286,10,50.08574311773008,1
d824,10,51.10264085697176,0
j793,10,46.22812225896634,0
n204,10,33.16103004739397,0
l263,10,50.446903922855256,0
p407,10,49.60679240290808,1
f807,10,51.22601245787485,0
m853,10,48.29002868230175,2
s231,10,49.45248776775219,0
w860,10,50.0557376066067,1
m359,10,49.06895773956058,1
a831,10,48.170428768004236,0
y595,10,49.75777624654105,1
e882,10,52.11003070585176,0
n989,10,43.054598243816386,0
b461,10,51.47944153899,1
i799,10,48.67562546707062,1
l497,10,48.121603286336274,0
d736,10,46.99635828984029,0
f971,10,50.10724110883287,2
m272,10,46.84030371883782,1
u732,10,47.897053676771094,0
m894,10,48.079597937954105,0
n712,10,48.59849670056363,1
d581,10,50.17551734736455,1
l868,10,45.0194813532382,0
e885,10,48.53485479925571,0
g727,10,50.74608587171775,1
j396,10,48.613881751241,0
v871,10,53.381929832871116,1
y735,10,47.535532644503185,1
k308,10,48.13087052045894,1
q362,10,48.28843561074356,1
k294,10,50.12838828359711,1
m904,10,46.18835591375632,0
i583,10,48.95310152784761,1
o973,10,49.48628506214353,1
g863,10,45.02570542502782,0
x877,10,40.851556256630275,2
z881,10,39.242574103726746,0
a391,10,43.85168944232706,0
n872,10,51.55574443820655,0
t982,10,46.43845066284922,0
a885,10,48.298411214926084,0
h491,10,50.32053111712824,0
y633,10,46.91820678269164,1
x811,10,51.4885474134753,0
b853,10,45.97445606849395,0
h920,10,50.06668310438073,1
o836,10,49.08030618941476,0
k944,10,34.26523348044806,0
q747,10,46.671146290113136,1
p298,10,43.95105666279589,2
r431,10,45.19724836533421,0
b998,10,50.46827301776611,0
f195,10,47.24829453685338,0
m285,10,49.136606656204826,0
p368,10,50.31779686928378,0
q131,10,48.409896380845595,1
e903,10,47.74455482874679,0
u683,10,53.93425786581021,0
k465,10,48.8403976312334,1
n939,10,49.83252129135683,0
p237,10,49.601478085553445,0
n125,10,46.316315518970704,0
k405,10,49.56472957174268,2
z701,10,46.96837601449207,2
x903,10,39.30304364650257,0
q278,10,44.954938507917106,0
l183,10,46.951016495967686,1
e141,10,49.42851646091906,0
w680,10,46.35297957106073,1
i162,10,34.463012139240064,1
j993,10,48.12108656670266,0
e141,15,50.040070346331,0
e681,15,52.54689934168621,1
g727,15,47.106452911475415,2
r619,15,53.82774962954813,1
t548,15,55.928441638433675,1
v747,15,52.154604055228745,0
w860,15,52.0762952972487,1
k465,15,50.17790954991447,1
p407,15,51.111048420651215,1
k443,15,34.95860738246631,0
s231,15,50.29320836021154,0
m904,15,47.10251446905617,0
m285,15,53.05899526635055,0
j793,15,46.78788566847793,0
y595,15,53.97988886665504,1
t419,15,50.608536442849044,1
d269,15,53.08748096770145,1
a189,15,34.51802203038017,0
x669,15,55.516689334275654,1
c593,15,51.378485845556746,1
o147,15,52.78262328369138,0
i426,15,53.58414529441161,1
r431,15,38.429627760827806,0
o573,15,48.34366543927462,1
i783,15,51.536158183922645,2
f807,15,52.15227761239258,0
a831,15,51.36952583848752,0
q131,15,50.28769714465975,1
v596,15,54.94308611905553,1
w901,15,52.95945541530144,0
d497,15,54.311550327294505,2
g284,15,48.274154375740046,1
e903,15,49.406643510159974,0
j402,15,56.63689850720378,0
g319,15,48.12095516903658,3
p370,15,48.92191550464218,3
i162,15,30.158408983971405,1
u683,15,57.84187163360998,0
e733,15,38.22431785008199,1
o251,15,50.31912586021199,0
w900,15,49.54419022633317,0
h920,15,52.235162745071754,2
p298,15,44.5918497084881,2
z701,15,51.12981086878153,2
l795,15,53.118769285991334,1
a817,15,54.37600600799453,1
m672,15,49.0665283304929,1
n125,15,46.82886480860066,0
j993,15,51.46162440713286,1
w929,15,47.10574210635741,0
i131,15,43.67598371897204,0
m137,15,51.001734464038044,1
y977,15,51.53664912237234,2
g619,15,39.593025677594234,0
n204,15,32.54081177324137,0
q588,15,52.79305614170417,0
y214,15,44.99114482320693,2
s886,15,49.55938257549325,1
q362,15,49.55074668481098,1
s882,15,53.716331201516404,0
h749,15,49.798027704374,1
u367,15,39.066433600422904,0
c577,15,48.54811153329599,1
u861,15,40.41950493115558,0
b131,15,46.782025074746386,0
v871,15,54.88461639437314,2
y860,15,51.445923749165345,0
r357,15,50.953609638817255,1
a898,15,52.96038671457928,2
r677,15,50.53597325990624,0
u964,15,50.40465964964154,1
q154,15,40.86067128845818,1
q290,15,50.31489001589519,1
z881,15,39.931110899776705,0
d770,15,53.07292934887347,2
c760,15,48.80176782705731,1
i617,15,48.81854933833213,0
a538,15,54.3293213231003,0
t883,15,47.904030439755964,0
i419,15,39.11353789546175,0
g305,15,49.608824508948146,0
u452,15,37.460831739488384,0
t383,15,43.369481789380124,0
l868,15,43.07941096653548,0
c965,15,55.69491509385219,2
n872,15,53.07909925251213,0
u867,15,50.29069465785997,0
y441,15,49.72074184612119,0
f971,15,51.672974396541456,3
i436,15,54.923928296147324,0
m894,15,52.210035165472064,1
n451,15,51.181794904037375,0
q300,15,40.81699515197718,1
i799,15,50.15421954440535,1
a375,15,50.98458926619678,2
x672,15,48.629997746616304,1
e358,15,53.2842283532272,1
f178,15,51.053890226682306,1
y587,15,33.7554267912536,1
r846,15,53.037184886108086,0
p642,15,51.62420521718151,0
z671,15,52.5235243544396,1
x736,15,41.355162219846974,0
n115,15,46.71623436641213,0
u281,15,42.252350905816336,0
i842,15,50.20750952878317,0
n989,15,43.52216701952641,1
m853,15,52.558263363849264,3
y531,15,52.09463476961463,1
a333,15,48.461629487956984,1
b461,15,53.462371726491845,1
k294,15,52.0046679530425,1
i583,15,52.71285356836347,2
q278,15,40.37582399450997,0
h491,15,54.209935689351845,0
w680,15,46.974688290964856,1
j128,15,52.84987878493227,1
o973,15,51.66988432380136,1
a885,15,50.14018766697622,0
y633,15,51.140115369178446,2
b998,15,54.7775562855269,0
x811,15,52.73844521854471,0
q747,15,47.845230375094275,1
f195,15,49.35114921238021,0
d581,15,51.28611946430535,2
q500,15,51.34832569347151,2
n939,15,50.4839257568299,0
d329,15,51.581735367013025,1
k944,15,34.85804699138236,0
o891,15,52.683753273100365,2
w286,15,52.90814761482667,2
l183,15,48.0887659131149,1
o388,15,51.338279212315484,0
e446,15,53.215233364801584,0
d203,15,50.39809327533815,1
p734,15,51.06093980118725,0
g832,15,53.50390494559889,1
a391,15,41.54703533127059,1
l451,15,51.8522254342817,1
g863,15,44.48756815427105,1
v921,15,51.077129387448636,0
l980,15,51.03397315570383,0
w976,15,53.180307279574215,2
m359,15,49.98511576118739,1
x493,15,50.90390610136246,2
y351,15,49.8303352591836,1
w658,15,49.69752929309486,2
z487,15,51.6059893286555,0
m272,15,49.43720636924057,1
k405,15,50.896802235366856,2
i491,15,49.859810514121726,1
e874,15,49.67622452467244,2
y369,15,50.82031349129944,1
v585,15,46.76479856238879,0
z435,15,52.497753540829486,1
x877,15,38.69799942072708,2
j640,15,53.48674121881019,2
n712,15,51.213097927375514,1
x903,15,38.2797260746102,0
z991,15,50.65699241952898,2
o231,15,42.52500945738114,0
i365,15,52.54212701294776,2
b853,15,47.82891689960402,0
l127,15,49.27680174819937,0
t982,15,50.790894241451895,0
n234,15,46.887847514564655,0
f936,15,51.56248040004217,0
w833,15,49.807955022216895,1
c160,15,54.256387334295205,1
a906,15,46.89008923257924,0
g185,15,49.37624263364185,1
o713,15,49.28511536023011,0
l263,15,53.965150934271406,0
h124,15,50.126467735865475,0
n196,15,37.38226859858328,1
d736,15,50.64042040223969,0
v490,15,41.047523034203444,1
p863,15,49.41139000390851,0
a960,15,51.120302404526655,0
j396,15,50.8582986824664,0
e316,15,40.82588351805158,0
n100,15,47.65826915337739,1
p849,15,50.86967387941337,2
w581,15,51.12775435364538,0
v547,15,48.117723182073114,0
l726,15,51.91336201865136,1
h413,15,46.758810560537846,0
u732,15,50.237224379582145,0
g787,15,50.0608390346751,1
e882,15,56.19803578809245,1
b386,15,53.119146930294065,1
h162,15,52.477920692362034,1
u540,15,50.41127159909705,1
q881,15,55.065964400339986,2
v933,15,54.25150328191411,2
x144,15,53.39461590641449,0
j128,20,54.59151346315116,1
n196,20,35.52749554234954,1
b853,20,49.253805217079986,0
c760,20,50.611157239479326,1
x877,20,37.03750665015994,2
d329,20,55.13925250634553,1
l868,20,38.884784664065876,1
u683,20,60.288302280858964,0
d203,20,54.871528833518674,1
y860,20,53.736646933005154,0
x493,20,51.63303549422223,2
b461,20,58.28556069177621,2
j396,20,54.1257414401721,0
k405,20,53.216746708913426,2
u861,20,36.616132198092785,0
z881,20,40.687132544917375,0
w860,20,53.75178941495988,1
m359,20,54.73402885775097,1
a906,20,41.159515302751544,1
k294,20,52.77671165575244,1
v933,20,56.49970007462383,2
c577,20,50.98207340410788,1
s886,20,51.50041672067101,1
e316,20,41.308638654463486,0
g787,20,52.61705018078368,1
w581,20,54.09425938067551,0
h413,20,44.72157509055728,0
m904,20,49.898663473248625,0
e681,20,54.55219059004344,1
g185,20,50.627769646765245,1
a885,20,51.59256123639196,1
y214,20,45.74416225012197,2
e874,20,52.58717726015071,2
x669,20,57.573463232755536,1
p298,20,45.10289546731553,2
j640,20,54.39088899339838,3
s231,20,51.7306934912783,0
t419,20,54.91356306482236,1
i365,20,53.074862293127275,2
z991,20,52.24756434663358,2
f936,20,52.43640987150239,1
w900,20,53.80323389076899,1
y351,20,53.67724842052085,2
g619,20,36.02357540537433,0
b131,20,41.42656101006172,0
q290,20,51.87473886864588,2
q747,20,49.491068714608296,1
h920,20,54.562271973958396,3
x811,20,54.716981808787594,0
j402,20,58.06879068297193,0
y633,20,51.72647374428812,2
o388,20,55.20562965924331,0
m672,20,50.846439850648565,1
a817,20,57.256816500345145,1
k944,20,30.121685063840644,0
w901,20,53.79431202439138,0
g863,20,45.188809988124554,1
a333,20,50.605413922062915,1
a538,20,58.85948791133809,1
y587,20,29.12468771893741,1
a189,20,35.00944649105512,0
e733,20,38.665299023132604,1
u867,20,52.95287905920776,0
y441,20,54.16602375284894,0
g305,20,50.77065910654162,0
d497,20,55.27653156637975,3
x672,20,50.02226891781145,1
i842,20,51.44012408183187,1
q881,20,56.06927723259838,2
m137,20,51.90596400146898,2
x736,20,40.346613409613326,0
l795,20,55.16074808571126,1
h124,20,53.504593186515095,0
i491,20,53.19340350616864,2
b386,20,58.37427596842896,1
w976,20,54.19160742841239,3
i419,20,35.058706409781806,0
l726,20,54.015438638710684,2
a960,20,51.81101665107505,0
x144,20,54.13478717539823,0
y369,20,51.726784554221794,2
q300,20,41.250661932260655,1
p863,20,51.49378543365917,0
u281,20,43.075866442627586,0
u540,20,52.06095796855102,1
v921,20,54.72628032907272,1
l980,20,51.637972565916535,0
l183,20,52.23715905722224,2
z671,20,56.49169636481059,1
p849,20,53.31273572560829,3
o231,20,41.28114496399979,1
z435,20,53.857634053980775,1
l127,20,49.997504741104535,0
e903,20,50.4027145774078,0
h162,20,54.97287595040738,1
q588,20,54.88282659818939,1
i617,20,50.38267953263186,0
t548,20,60.16017496267344,2
g727,20,45.41623910769364,2
o573,20,49.16649900776254,2
o147,20,54.34700529315027,0
c593,20,53.81441414690494,1
r431,20,39.14392797610171,0
d269,20,53.93056468032375,2
k443,20,35.60543407617244,0
r619,20,56.68431508745679,2
c160,20,57.38522939839652,1
v747,20,54.70376578139263,0
v585,20,47.50426469611701,1
w833,20,50.806881497127705,1
n115,20,44.20891563948546,0
f178,20,54.40791254308134,1
a375,20,51.774699905904015,2
r846,20,54.63162634985591,1
p734,20,53.34130742356257,1
w286,20,56.04049882767785,2
n872,20,55.43311638061298,0
f971,20,56.2939311704209,4
i799,20,51.44631743753251,2
d581,20,52.266737496953844,2
e882,20,57.79123448522041,1
n989,20,44.13087609255079,1
n100,20,50.05370298957654,1
n234,20,46.20786689085848,0
u732,20,54.13792324801946,0
m272,20,50.548483804723894,2
o713,20,50.68633719404594,0
n712,20,52.36216048228609,1
x903,20,38.76477122912128,0
t982,20,51.447119701748605,0
t883,20,49.99127489567888,0
o891,20,54.3434344763094,2
h749,20,51.77581028467453,1
b998,20,55.65848857483632,0
q278,20,35.50423848167325,0
i436,20,58.328774188588646,0
e358,20,54.734722648410404,1
c965,20,58.192972257888066,3
u452,20,36.495907842713144,0
y531,20,56.223615924528154,1
t383,20,39.52791768134125,0
l451,20,52.59789548471189,1
a391,20,35.40107933306352,1
e446,20,55.11402572160466,0
g832,20,54.71570710719682,1
n939,20,52.552290962185566,1
q500,20,55.61000952488205,3
f195,20,53.09830727483573,0
o973,20,52.78691717999625,2
w680,20,48.775636169391596,1
h491,20,59.30884111954874,0
i583,20,56.97558032354994,2
l263,20,56.28912207457408,0
u367,20,39.69712406252221,0
s882,20,55.42357902681789,0
q154,20,41.521704581239916,1
i131,20,39.512866089755086,1
v596,20,56.21208431578765,1
q131,20,53.68081081226617,1
j793,20,45.14168008876209,0
y977,20,52.83750668738637,3
g284,20,49.80500399197035,2
d770,20,57.36543700837099,2
d736,20,55.483937638635155,0
n204,20,30.848055048299045,0
p370,20,51.297482625079226,3
f807,20,54.74127506414074,0
z701,20,52.57032014218457,3
v871,20,59.82009673245887,2
a898,20,55.582536330448086,3
q362,20,53.839677403791875,1
j993,20,54.36422596381169,1
y595,20,55.304468074138775,2
u964,20,54.86711494583906,2
i783,20,52.60354817139413,2
m285,20,57.80284801432759,1
p407,20,53.47681487683516,1
e141,20,53.95735057404896,0
r357,20,53.80167695962622,1
n125,20,47.3138037908021,0
i162,20,30.554302805751888,1
w929,20,45.48717980391093,0
a817,25,61.91944469753038,1
y587,25,25.36295924349223,2
n939,25,56.97056358676182,1
q747,25,52.823345248465884,1
q500,25,58.09710772279287,4
n872,25,57.69668312606303,0
q154,25,36.996550757171676,1
v871,25,62.674503010185084,2
f195,25,56.46294713910552,0
n204,25,31.22894620950423,0
w929,25,45.954534402288125,0
f807,25,55.821049329019374,1
o973,25,55.93534457487321,2
h920,25,56.77775946900919,4
i436,25,58.94337783156389,0
o388,25,57.58461220343907,1
y531,25,57.10024937364018,1
u867,25,54.16787805407635,0
x736,25,39.20007486886658,0
y977,25,54.507259274076276,3
g863,25,43.08663318236861,1
k944,25,29.08645049040426,0
c965,25,63.835973023975946,4
u452,25,37.14532623681671,0
y441,25,55.422824622089585,0
e358,25,56.47188322640317,1
y860,25,55.917140898473086,0
t383,25,33.86594493484758,0
q131,25,54.45868574847844,1
e446,25,59.78589657169969,0
z701,25,54.71333493432025,3
r846,25,57.521154392014175,2
c760,25,51.41290260254678,1
g832,25,57.19508062536674,1
a333,25,52.49563781510518,1
y633,25,53.50497822636385,3
o891,25,57.70560330479641,2
l263,25,57.189638510062544,0
d581,25,53.54982569349937,2
x903,25,39.425938827700946,0
n100,25,50.78858791239764,1
m285,25,59.594836846855586,1
z881,25,41.240698777350346,0
j396,25,58.815268072283594,0
n989,25,43.100699250790115,1
h162,25,56.725997027924,1
u732,25,56.16720711987136,1
m272,25,52.75713639285586,3
x493,25,53.95114266689774,2
p407,25,55.04510023276845,2
o713,25,53.2478185773982,0
d736,25,57.26987930811583,0
x877,25,37.758289223189834,2
u861,25,37.0373002355339,0
t982,25,52.08796043704575,0
m904,25,50.64628175756138,1
b853,25,51.910811144501096,0
y595,25,59.44595221539015,2
i799,25,52.97498671663102,2
k405,25,55.027747627998885,2
m359,25,56.097207831329776,2
u964,25,56.125323177244745,2
k294,25,54.48172233254919,1
q278,25,35.90665057737949,1
d329,25,57.88016997774246,1
b461,25,62.26406392304428,2
b998,25,58.01415580082849,0
p734,25,56.1056337755269,2
d203,25,59.112689626703414,2
w286,25,59.60103598948865,2
h491,25,63.51236000245799,0
l868,25,39.53581972632821,1
u683,25,63.20973895755619,0
n234,25,47.04363583163492,0
n196,25,33.91222531580534,1
f971,25,59.21802969198547,4
j793,25,39.24539779474307,0
e903,25,54.4079648237027,0
y214,25,46.22195325781552,2
w860,25,54.9309399795314,2
e882,25,59.34264388305733,1
j128,25,56.00808364667045,2
f178,25,59.193006108633256,2
x672,25,53.34221547544192,2
z671,25,58.61446631955545,2
j640,25,54.96467076230204,3
p370,25,55.45648303767346,3
t419,25,56.53163934948642,1
o231,25,41.92740284932718,1
s231,25,55.97219896463782,0
n115,25,44.73104206325109,0
u367,25,37.23689926355377,0
i491,25,54.18786979702509,2
a538,25,60.0796712395569,1
y369,25,54.96761616056154,2
e874,25,53.443605474777094,3
g284,25,51.88955483551263,2
y351,25,55.12381143412009,3
x669,25,62.80111660909696,2
h413,25,40.69763279458563,0
o573,25,50.824783484802126,2
w976,25,57.24305663368376,3
z435,25,54.90226302068636,2
r619,25,58.8478166894921,2
b386,25,63.96683448101616,1
b131,25,37.73222158772931,0
m137,25,53.60658707366398,2
i365,25,54.863475660426225,2
c160,25,61.843667178424695,1
e733,25,39.38689268885632,2
d497,25,57.82582704854818,3
o147,25,58.696547236451124,0
x811,25,56.15352716442683,0
v596,25,57.63628246297322,2
k443,25,36.205093435282144,1
l127,25,52.23150758526862,1
f936,25,53.080037077284786,1
a906,25,40.20317371342189,1
d269,25,56.80521517835647,2
z991,25,53.463562168872485,3
w833,25,51.59426741368058,1
i131,25,38.89057010297986,1
c593,25,55.27001304824951,1
p298,25,45.93358853290416,3
h124,25,58.64602458464476,1
s882,25,58.73523061566112,1
g727,25,44.05492915553962,2
p849,25,57.254260963669125,3
m672,25,51.704612829202055,2
u540,25,53.81569856530034,1
i617,25,51.858012101972164,0
s886,25,52.77482258855774,1
v933,25,57.75935015209787,2
r357,25,58.2203654387008,1
l183,25,53.43439008903607,2
j993,25,55.27084219032302,2
r431,25,39.91175892549107,0
g619,25,35.26384994645727,1
q881,25,58.10584815866357,3
i842,25,52.410766677870285,1
l980,25,54.20056821471435,0
c577,25,54.387049501881,1
g305,25,54.769874312790975,0
i783,25,53.895429834162535,2
h749,25,55.78016113486866,2
i162,25,26.493137496970448,1
e141,25,54.91368488477958,1
w900,25,57.29673437204932,1
q588,25,60.29049695544606,1
g185,25,54.986284245425495,1
a885,25,52.18214126466827,2
q300,25,41.708225996737305,1
n125,25,47.82926673659245,0
q290,25,52.54595842850685,2
l726,25,55.152049195689614,2
l795,25,60.50116954349196,2
a898,25,57.74713751284975,3
e316,25,41.835440563823575,0
u281,25,41.28853642317272,0
w581,25,55.4784203359977,1
t548,25,66.17445261069243,2
a960,25,56.39739018560188,1
j402,25,59.677330940718655,1
x144,25,54.86094732275746,1
i419,25,31.712312673176967,1
t419,30,57.85735541762515,2
k405,30,56.02488171119793,2
e733,30,39.824820119111514,2
o713,30,57.94958007239769,0
g284,30,55.217275904471364,2
q588,30,66.15482965699228,2
s886,30,54.29744710175997,1
d329,30,62.382075921746235,1
j128,30,59.69681282643989,2
a817,30,62.73441237520439,2
y441,30,60.73085971855063,0
u367,30,37.61091443414225,0
i842,30,55.473582207822595,1
a898,30,60.26664577447912,3
e358,30,59.3601741692455,1
y977,30,57.13654346032004,4
j993,30,56.26892358268687,3
r431,30,36.5962886594693,0
y633,30,54.12537674419021,4
u281,30,41.77581299242865,1
g832,30,58.181093075083496,1
r619,30,61.41650185498757,2
w929,30,44.14391024502148,1
x736,30,39.893346775466014,0
v871,30,66.80910394599314,2
y369,30,58.89409976078083,2
y351,30,57.41055762824202,3
x811,30,58.05506240956358,1
d736,30,58.877985951151004,0
b386,30,64.94149841685378,1
y587,30,23.64881515052998,2
w833,30,53.70126053214229,1
b998,30,59.470035631904466,1
n234,30,47.696077297208554,1
x903,30,40.158811533984974,0
o147,30,60.49222953496202,0
m904,30,55.29105089854002,1
c593,30,57.845197699163094,2
d269,30,58.00160981303593,2
l183,30,55.34578491203917,2
l795,30,61.21124556438366,2
a538,30,64.54811358948123,1
y531,30,61.746837775214516,1
b131,30,33.59536554871613,1
d497,30,60.03977501284024,3
u452,30,35.58921684967915,1
g619,30,35.854330902273965,1
q300,30,42.44410871966286,2
q290,30,55.242322231074205,2
t383,30,34.46842252425102,0
c577,30,55.04945008025016,1
e446,30,60.78276396683698,1
x669,30,68.31472937201099,3
z435,30,55.894061139690756,3
n939,30,58.54735629654697,1
n872,30,59.72632664881998,1
i365,30,59.86392113811158,2
n125,30,48.68127204439826,1
a906,30,39.791577710269586,1
w900,30,59.32449792611706,2
f195,30,59.179869880103055,0
f936,30,57.325226140323664,1
q500,30,63.72812883132849,4
j402,30,62.77144847536754,2
w976,30,58.48955903364708,4
p370,30,56.73401470292699,4
m672,30,56.24666518707522,3
o973,30,59.053941028015224,2
c965,30,65.32422879279517,4
i162,30,24.48642344398267,2
f807,30,58.30324518166823,1
s882,30,59.52716475588324,2
l726,30,58.275958746678754,2
a960,30,58.03517690180703,1
i419,30,32.22289977120303,1
n204,30,31.759981234123874,0
x144,30,56.08214674754361,2
u964,30,57.68582330565294,2
j793,30,37.471630400833654,0
y595,30,65.23872199888552,2
u540,30,57.309014788214135,1
p407,30,60.210705395486464,2
p849,30,58.20378516918259,3
i491,30,55.94829419501164,2
l980,30,55.09947522603991,0
z701,30,55.566493102694196,3
e141,30,58.33588162555895,1
z671,30,63.290358463031595,3
n115,30,45.20453493561301,0
o231,30,42.46293490420835,1
u683,30,66.17110747834387,0
z881,30,40.58880127366702,1
w860,30,56.15881793794427,3
f178,30,62.13435837576207,3
y860,30,58.03455273112147,1
c760,30,52.50314084859502,2
i783,30,58.43430001080167,2
h920,30,61.23422303386418,4
q278,30,32.59153406502905,1
j640,30,59.10910677226265,3
o891,30,62.4857866537308,3
m272,30,55.80660034690568,3
s231,30,58.267715441021956,0
e903,30,56.91606804945409,1
q747,30,57.22220216853167,2
n989,30,43.94546353612866,1
h749,30,60.02845851806449,2
i617,30,56.71217044627347,0
k294,30,58.63771019617824,1
t548,30,69.75586211652126,2
t982,30,53.428073859352864,0
b461,30,63.43208934985142,3
l868,30,40.01307081991712,2
k443,30,34.753218829268626,1
d203,30,62.6925066528581,2
u732,30,59.15276291554623,1
c160,30,67.8066684255089,2
n196,30,34.38054475161965,2
o573,30,53.23296963739874,3
m359,30,58.50482410377573,2
r846,30,60.1398054306626,2
g727,30,43.449414957836076,2
x493,30,56.650700684567155,3
a885,30,52.7678783151532,3
x877,30,38.40232480090578,2
b853,30,52.691376160170854,0
h162,30,60.99751154571466,2
y214,30,43.66028567622551,2
a333,30,53.74061958138297,2
o388,30,61.89052757354679,2
g863,30,43.780364969835254,1
e874,30,54.104296381001994,3
h413,30,39.89430982912378,0
w286,30,61.448242351367995,2
e316,30,42.61256932507952,0
g185,30,56.7963320597655,1
v596,30,59.805984560584,2
w581,30,57.18262132796406,1
i131,30,38.37753049312633,1
p298,30,41.88269077554898,3
k944,30,28.569906435064443,0
g305,30,57.41861837064777,0
l127,30,54.931247073653196,1
q881,30,59.33680028783754,3
q131,30,58.433265716285426,2
r357,30,63.28902805712946,1
i799,30,56.54561147135698,2
f971,30,60.31851171268507,4
q154,30,35.14240762882704,1
u867,30,54.90297238261826,0
x672,30,57.912342983278066,2
n100,30,51.55234871340661,1
e882,30,61.58230899212678,1
w833,35,54.49870192607411,1
c160,35,70.25091000716651,2
y369,35,59.59202038852373,3
c593,35,60.36168018725418,3
r619,35,67.228276560496,2
u281,35,40.82365257059489,1
l183,35,57.062094438510925,2
o231,35,41.54024454530239,2
b386,35,66.81445850003959,1
l127,35,57.44359415591326,1
i491,35,57.67810149970702,2
k443,35,32.54412900979734,1
z435,35,57.34148974994682,4
w976,35,63.2014920501113,4
j128,35,61.681953740612876,3
a960,35,60.622183744753094,2
w286,35,66.0281945883394,2
q500,35,69.19573112866985,4
f971,35,61.71609654071897,4
e882,35,63.26295521499538,1
n100,35,53.94732419489058,2
m272,35,60.11534475937128,4
y214,35,42.14824220109297,2
o713,35,59.81585284918785,0
n989,35,44.50182077830083,1
t982,35,54.76725243817039,0
e903,35,58.18256454683008,1
u732,35,62.293624138740384,1
r846,35,62.81034612791885,2
a885,35,54.29291483818029,4
x811,35,63.415980772046915,1
x903,35,40.95197139565392,0
o147,35,66.2082352552752,0
r431,35,37.033655414161,0
b998,35,61.20997496594716,1
i419,35,30.937976637466335,1
u540,35,58.70450808713217,1
p849,35,62.508495095940376,3
l980,35,59.92313793440369,0
z671,35,65.0690771337557,3
f178,35,62.845628072739586,4
n115,35,42.50489937528566,0
l726,35,60.71452088503944,2
c965,35,69.47296404115495,4
e358,35,62.49262923017525,1
e446,35,62.027445477487134,2
t383,35,35.09648360179138,1
g832,35,63.06337797739045,1
f195,35,61.54569899449809,0
o973,35,62.45785257484378,3
q278,35,32.994354686651995,1
y531,35,65.58007667532686,1
u452,35,36.25347103154163,1
i783,35,59.54017285314599,2
d269,35,58.80381431366167,2
q881,35,60.27583235498355,3
i842,35,56.15893660959981,2
g305,35,59.34114778950805,0
g185,35,58.8229205102755,1
e316,35,39.69936640115186,0
e874,35,58.8298275570865,3
y351,35,59.67598109254977,3
h413,35,40.38891064011731,0
j640,35,64.90702909945689,4
j402,35,64.16320929298762,2
d736,35,61.68867617872698,0
w900,35,62.232185083389204,3
e733,35,34.00538839511303,2
a906,35,36.462838405531436,2
i365,35,62.349969248925426,2
t419,35,62.91722948082056,3
x669,35,72.28952807793627,3
c577,35,57.14227413138252,1
q300,35,43.20839709458958,2
s886,35,55.530081580315674,2
f936,35,59.8276361067973,2
s231,35,59.63871784146966,0
y441,35,64.39436914106734,1
x672,35,58.81847954553189,3
b853,35,54.0427453901705,0
y587,35,21.715230617064712,2
x493,35,60.39487692776234,4
x877,35,38.93735696970721,3
m359,35,61.279665708164316,3
k405,35,59.508255006947465,2
n196,35,34.822133339386454,2
d203,35,64.5215732301154,2
x736,35,40.36204391895196,0
l868,35,40.44781379331212,2
k294,35,61.22041315201745,1
d329,35,64.28349496590596,1
p298,35,37.093701618169305,3
b461,35,65.24015964237208,4
q747,35,62.42417016954326,3
o388,35,68.00777209448756,2
a333,35,54.293501783533415,2
y633,35,55.29869542126242,4
u867,35,56.226252363435776,0
k944,35,26.928298980424305,0
g863,35,43.04567920698662,1
d497,35,65.62252339547362,3
g619,35,36.49761223037461,1
q290,35,56.442591345998224,2
m672,35,57.035598975224474,3
b131,35,31.327348857845358,1
f807,35,60.87251874979727,2
y977,35,58.607470925534,4
a898,35,62.11766875600126,3
z701,35,57.429944964585225,3
l795,35,62.99731883533741,3
j993,35,58.24147246098069,3
i162,35,23.05349100896903,2
p370,35,58.43415932108192,4
q131,35,59.90133181887398,3
n125,35,42.88585663607399,2
r357,35,64.81484628501339,1
g284,35,58.0456392963132,3
i131,35,38.818450142803336,1
q154,35,35.775892782032926,1
h749,35,61.885691171498564,3
i617,35,61.02555771795062,0
o573,35,55.16620689136596,3
q588,35,72.75542678016737,2
g727,35,43.89653363422663,2
v596,35,61.84261246618192,3
u367,35,38.11506862786186,0
h162,35,61.94838387720772,2
y595,35,69.15337036434431,2
z881,35,41.13963521451703,1
u683,35,68.31318507604814,0
s882,35,61.91943098310966,2
w860,35,60.042906606744346,4
p407,35,63.86012378393817,2
m904,35,57.22541653903683,1
w929,35,38.38985200630871,1
e141,35,59.45101706027874,1
u964,35,62.80129151106985,3
j793,35,35.21994470598242,0
v871,35,68.0376627523805,2
n204,35,32.21255696031375,0
a817,35,63.53902015359124,3
h920,35,64.1596655422229,4
c760,35,54.54372051962958,2
b386,40,68.99408436820241,2
u732,40,67.5136853845233,2
i365,40,64.49325079953222,2
c593,40,64.22678973404301,3
a898,40,63.69479997540222,3
u683,40,73.15320816660785,0
e903,40,59.613998914242174,1
d736,40,64.80897875846811,1
b461,40,66.08652563419568,4
s882,40,67.57666201873302,2
j128,40,63.37935027768723,3
f807,40,62.231221789818896,2
j402,40,70.27915916117192,2
q500,40,72.24444753376467,4
p849,40,63.422748985487935,3
s231,40,62.502339114372646,1
z701,40,58.14680970036644,4
x811,40,66.36940904689207,1
w976,40,66.3558819205009,4
l726,40,61.59049218983803,2
a960,40,61.7643106931831,2
u540,40,59.32736696274466,1
l980,40,61.97055054852653,0
z671,40,66.01669530673601,3
f178,40,65.86424227236007,4
i491,40,61.30777422744369,2
c965,40,75.77444665782187,4
e446,40,63.690654135163705,2
f195,40,65.32100409270548,0
o973,40,65.3976815563568,3
f971,40,64.174701466342,4
e882,40,67.41720147767032,1
n100,40,55.05387841711502,2
m272,40,61.84409743106149,4
y531,40,71.34123684204681,1
r846,40,65.69185726402469,2
l127,40,59.14442326181077,1
d269,40,63.44906256572825,3
h920,40,66.53789972927831,4
c760,40,55.907119477562546,2
w860,40,66.02787425775192,4
e141,40,64.31617222895945,1
p407,40,66.51659454258824,2
y595,40,71.08632413717845,2
u964,40,65.91518544904703,4
c160,40,72.90220612778533,2
q131,40,61.30263405243038,3
l795,40,66.94488491734745,4
p370,40,60.549896615731,4
v596,40,64.80150371172202,4
r357,40,66.83972409918148,1
h749,40,66.81335904902605,4
i617,40,61.70341951938127,0
o573,40,60.18729224067871,3
o147,40,69.9629155788749,0
m672,40,58.25997225267349,3
a885,40,56.89342845208532,4
w286,40,69.63161105449677,2
y214,40,41.3422983977434,2
n989,40,44.96452932177526,2
q278,40,29.27328675591854,1
u452,40,36.852557310838215,1
i419,40,31.513747395015294,2
k443,40,32.9581819903643,1
q154,40,33.08615784044885,1
q300,40,42.21603385809251,2
n125,40,43.485961359153606,2
h413,40,40.79385684872303,0
g863,40,43.57367949061141,1
n196,40,35.25608925625213,2
y587,40,20.349669459351613,2
w929,40,38.81169680247513,1
u281,40,34.96580933433141,1
x903,40,41.702930139056015,0
g619,40,36.89533807067292,2
h162,40,67.2993877502588,2
p298,40,37.743834895513395,4
u367,40,32.91136870899484,0
t383,40,35.686589517163426,1
n115,40,43.21127677113351,0
o231,40,42.12339121477845,2
g727,40,38.04894281542177,2
i131,40,39.30818920664194,1
i162,40,23.32092994996043,2
n204,40,32.68477945053224,1
r431,40,31.892255550532838,0
z881,40,41.95008179399263,1
a906,40,34.87595412686393,3
e316,40,40.32322544537357,1
k944,40,27.32965221334627,1
l868,40,41.17406697007399,2
x877,40,35.62288903114356,3
x736,40,36.98320721851996,0
e733,40,34.4508040740084,2
b131,40,30.304971054690427,1
d497,40,68.53598341747977,4
z435,40,59.68083866748412,4
q290,40,58.0526167094971,2
q881,40,63.81389618702221,3
x672,40,62.58085437159124,4
r619,40,72.06434985688608,2
u867,40,58.931008748864286,0
o388,40,69.84809948608044,2
q588,40,74.70021962899656,3
q747,40,66.7175801439199,3
g284,40,59.12052434380639,3
k294,40,65.5705459977807,2
j993,40,59.38138974656313,3
d203,40,69.85450264840458,2
w833,40,56.77602380533852,2
y977,40,60.20780932031671,4
x493,40,63.06012923574103,4
b853,40,55.4100833175016,1
v871,40,74.83805181367025,3
k405,40,60.48934613799495,2
m904,40,62.47456932316198,1
d329,40,66.82289386821,1
a817,40,67.12712178742665,3
y633,40,60.82355887755849,4
s886,40,56.206214811926735,2
y441,40,68.7069803234008,1
i842,40,58.875900508775736,2
m359,40,62.374409329402454,4
g185,40,60.459298814644185,1
y351,40,60.34995661022581,3
j640,40,71.26978753368628,4
y369,40,63.03758799030395,4
w900,40,64.31617296691202,3
f936,40,65.71693825133691,3
o713,40,61.64863385321467,0
e874,40,60.86677142446161,3
g832,40,64.57184146984159,2
x669,40,76.32058802622177,3
b998,40,67.2897304181686,1
e358,40,67.39242329603393,1
c577,40,59.939432846823784,1
a906,45,35.264639769603356,3
m904,45,63.53945624127772,1
e316,45,40.74257391336108,1
w833,45,59.43594860163878,2
a898,45,65.48697984220931,4
s231,45,68.44187181733376,1
g832,45,66.4797215481692,2
l868,45,35.321491322118234,2
k944,45,24.434253975012087,1
y587,45,20.633672682651373,2
a817,45,70.23463436964997,3
b131,45,28.362743031288854,1
b998,45,73.4814090110092,1
s882,45,72.66170287024812,2
z881,45,42.436942623493024,2
n204,45,31.471046944442953,1
u281,45,35.34604215008718,1
s886,45,58.803662145000565,3
i162,45,21.636080084326753,2
x903,45,42.18982543507951,0
i131,45,39.955922574487694,2
o713,45,62.94321763125371,0
y351,45,64.90510239247385,3
w929,45,39.34784807882737,2
v871,45,80.88128236132515,3
x736,45,37.53227162071463,0
n196,45,35.85016477387767,3
k443,45,33.36518469158571,1
n125,45,38.64549636626254,2
i419,45,31.869228598854118,2
r619,45,73.6853716122064,3
u452,45,37.57670932641489,1
y369,45,64.18496441448487,4
g619,45,37.37768238794962,3
q278,45,29.661782477598187,1
e903,45,64.92364606103997,2
b386,45,73.43236963169772,2
n989,45,45.78976826942136,2
q588,45,76.76033116301878,4
x877,45,36.093073053920946,3
y214,45,38.575491898545884,2
g727,45,37.2829276466291,2
g284,45,60.933786765086744,3
p298,45,38.25337911930036,4
g863,45,42.50978125589642,1
r431,45,32.25217172646001,0
j993,45,62.68237843851384,3
d736,45,66.69859171054725,2
u367,45,29.641497312227763,0
j402,45,74.65796725211581,2
e733,45,32.20059120634501,2
y977,45,62.810560908204955,4
q154,45,29.623895913177975,1
e358,45,70.10502961494824,1
q300,45,42.671465258592114,2
u732,45,70.01556190234899,2
i842,45,62.13347233024449,3
e874,45,62.08053699404724,3
v596,45,66.61366615396307,4
r357,45,67.78975923162997,1
g185,45,64.82489282204075,1
h749,45,69.44534571253068,4
i617,45,63.87163218148938,0
p370,45,62.501736001451704,4
q881,45,65.82019128386992,4
d269,45,65.69841658358399,4
u867,45,61.71378989089068,1
l127,45,63.89905406439487,1
c593,45,65.75463541063807,3
z435,45,64.15836084545535,4
x811,45,67.33575316006404,2
o573,45,62.73798381916369,3
i491,45,63.38208993748581,2
l795,45,70.27278544907523,4
j640,45,74.71585431183716,4
q290,45,60.75691556077732,2
h920,45,71.45473948596666,4
i365,45,67.62489891339916,2
c760,45,58.44015505566151,2
w860,45,70.59900186481212,4
e141,45,68.77052347140511,1
f807,45,64.55941279319187,2
x669,45,81.63712919278653,3
u683,45,76.9232916206098,1
y595,45,71.82180895273594,3
u964,45,68.3584473015824,4
f936,45,67.63315879815343,4
q131,45,63.942534978043234,3
z701,45,59.48888444858097,4
p407,45,71.23467160628924,2
o388,45,76.5393955702098,3
w976,45,71.63355454860333,4
b461,45,72.12327911015771,4
q500,45,73.72102931241763,4
e882,45,73.33081587102318,2
n100,45,57.05468313425235,3
k405,45,66.11222550208959,2
m272,45,67.80419148302337,4
r846,45,70.61079632758607,2
b853,45,60.40328343551952,1
d329,45,72.51952394047903,1
d497,45,73.59888772549525,4
h162,45,72.19213652160698,3
y633,45,63.45410705773937,4
w286,45,72.39682439497055,2
t383,45,36.30126675688614,1
n115,45,39.681649565443806,0
a885,45,62.07070706663528,4
f971,45,69.35739418342924,4
o973,45,66.66562707682971,3
j128,45,65.18008288879375,3
l726,45,64.15717997771775,3
a960,45,65.9099947516611,2
q747,45,70.43812765182321,3
u540,45,61.11589634706285,1
l980,45,65.70075680275296,0
k294,45,67.0986043683312,3
z671,45,70.67012953364195,3
p849,45,66.41904566839284,3
f178,45,72.03149827855995,4
d203,45,72.3846737151218,2
c965,45,77.44732273109128,4
y531,45,74.5733749918497,1
m359,45,65.024250032185,4
e446,45,66.83419243755336,3
f195,45,68.97811707014223,0
o231,45,38.643987350958504,2
o147,45,74.89646373672566,1
